smt_benchmarks/benchmarks/andy-1, 2, 3, 0, 0
smt_benchmarks/benchmarks/btor2-bug-10564-550, 48034, 1210, 320, 821
smt_benchmarks/benchmarks/btor2-bug-10565-1107, 8700, 352, 153, 376
smt_benchmarks/benchmarks/btor2-bug-10566-1439, 16912, 667, 114, 288
smt_benchmarks/benchmarks/btor2-bug-12207-2998, 24099, 830, 234, 560
smt_benchmarks/benchmarks/btor2-bug-12207-3560, 5349, 218, 101, 267
smt_benchmarks/benchmarks/btor2-bug-12207-3581, 7388, 298, 152, 371
smt_benchmarks/benchmarks/btor2-bug-12208-547, 5120, 208, 67, 174
smt_benchmarks/benchmarks/btor2-bug-12210-466, 10690, 426, 198, 455
smt_benchmarks/benchmarks/btor2-bug-12856-524, 18352, 729, 145, 331
smt_benchmarks/benchmarks/btor2-bug-12858-1484, 22802, 821, 234, 555
smt_benchmarks/benchmarks/btor2-bug-12976-1525, 19943, 762, 206, 521
smt_benchmarks/benchmarks/btor2-bug-12976-695, 6181, 252, 168, 413
smt_benchmarks/benchmarks/btor2-bug-12977-297, 21700, 794, 158, 392
smt_benchmarks/benchmarks/btor2-bug-12978-347, 7338, 295, 96, 228
smt_benchmarks/benchmarks/btor2-bug-15390-191, 18562, 729, 238, 622
smt_benchmarks/benchmarks/btor2-bug-15391-1331, 29824, 914, 233, 556
smt_benchmarks/benchmarks/btor2-bug-15391-640, 5756, 233, 101, 239
smt_benchmarks/benchmarks/btor2-bug-15391-647, 17110, 673, 122, 349
smt_benchmarks/benchmarks/btor2-bug-15392-92, 13936, 555, 166, 399
smt_benchmarks/benchmarks/btor2-bug-15393-526, 18872, 738, 280, 631
smt_benchmarks/benchmarks/btor2-bug-1672-1237, 5486, 222, 96, 214
smt_benchmarks/benchmarks/btor2-bug-1672-1519, 5124, 210, 106, 251
smt_benchmarks/benchmarks/btor2-bug-1673-81, 8148, 326, 154, 344
smt_benchmarks/benchmarks/btor2-bug-1674-134, 9794, 391, 137, 337
smt_benchmarks/benchmarks/btor2-bug-16965-103, 15278, 606, 190, 453
smt_benchmarks/benchmarks/btor2-bug-16965-104, 5360, 219, 91, 231
smt_benchmarks/benchmarks/btor2-bug-16965-2498, 8145, 327, 130, 320
smt_benchmarks/benchmarks/btor2-bug-16965-3625, 6764, 273, 151, 381
smt_benchmarks/benchmarks/btor2-bug-16966-2139, 5524, 226, 130, 312
smt_benchmarks/benchmarks/btor2-bug-16966-2397, 8350, 337, 218, 556
smt_benchmarks/benchmarks/btor2-bug-16966-2630, 5498, 223, 141, 300
smt_benchmarks/benchmarks/btor2-bug-16967-425, 6601, 266, 128, 339
smt_benchmarks/benchmarks/btor2-bug-17752-171, 7622, 314, 119, 290
smt_benchmarks/benchmarks/btor2-bug-17753-2258, 7798, 312, 127, 281
smt_benchmarks/benchmarks/btor2-bug-18416-2036, 12788, 515, 173, 425
smt_benchmarks/benchmarks/btor2-bug-19025-698, 10198, 407, 223, 566
smt_benchmarks/benchmarks/btor2-bug-19028-109, 16487, 652, 250, 642
smt_benchmarks/benchmarks/btor2-bug-21432-1432, 10388, 417, 209, 447
smt_benchmarks/benchmarks/btor2-bug-21433-924, 12262, 490, 222, 537
smt_benchmarks/benchmarks/btor2-bug-21435-1032, 17939, 708, 196, 490
smt_benchmarks/benchmarks/btor2-bug-21435-185, 19731, 759, 108, 298
smt_benchmarks/benchmarks/btor2-bug-21435-399, 8316, 335, 152, 399
smt_benchmarks/benchmarks/btor2-bug-21435-401, 4972, 205, 121, 282
smt_benchmarks/benchmarks/btor2-bug-21512-599, 8748, 354, 141, 368
smt_benchmarks/benchmarks/btor2-bug-21587-1587, 5970, 242, 90, 223
smt_benchmarks/benchmarks/btor2-bug-21587-161, 14138, 560, 184, 423
smt_benchmarks/benchmarks/btor2-bug-21587-505, 12856, 516, 237, 553
smt_benchmarks/benchmarks/btor2-bug-22169-775, 10428, 419, 164, 392
smt_benchmarks/benchmarks/btor2-bug-22171-324, 16484, 675, 135, 323
smt_benchmarks/benchmarks/btor2-bug-22172-177, 15691, 621, 181, 408
smt_benchmarks/benchmarks/btor2-bug-22193-189, 4918, 199, 108, 239
smt_benchmarks/benchmarks/btor2-bug-22195-527, 15922, 641, 285, 629
smt_benchmarks/benchmarks/btor2-bug-22196-207, 37234, 1042, 326, 783
smt_benchmarks/benchmarks/btor2-bug-23549-317, 16379, 649, 194, 452
smt_benchmarks/benchmarks/btor2-bug-23550-213, 6288, 255, 91, 222
smt_benchmarks/benchmarks/btor2-bug-23993-1111, 7530, 303, 157, 357
smt_benchmarks/benchmarks/btor2-bug-23996-205, 4688, 192, 108, 269
smt_benchmarks/benchmarks/btor2-bug-23996-263, 19921, 763, 98, 277
smt_benchmarks/benchmarks/btor2-bug-25139-140, 23756, 826, 273, 718
smt_benchmarks/benchmarks/btor2-bug-25139-192, 5038, 207, 111, 287
smt_benchmarks/benchmarks/btor2-bug-25139-855, 18854, 736, 188, 530
smt_benchmarks/benchmarks/btor2-bug-25141-1358, 5634, 229, 156, 352
smt_benchmarks/benchmarks/btor2-bug-25141-2722, 6666, 270, 170, 384
smt_benchmarks/benchmarks/btor2-bug-25861-1660, 13204, 524, 108, 298
smt_benchmarks/benchmarks/btor2-bug-25861-1956, 7942, 319, 126, 305
smt_benchmarks/benchmarks/btor2-bug-25861-2312, 12532, 500, 227, 514
smt_benchmarks/benchmarks/btor2-bug-25862-101, 47980, 1202, 410, 993
smt_benchmarks/benchmarks/btor2-bug-26929-179, 4714, 196, 134, 305
smt_benchmarks/benchmarks/btor2-bug-27284-1303, 28275, 889, 145, 363
smt_benchmarks/benchmarks/btor2-bug-27363-1142, 7383, 332, 93, 230
smt_benchmarks/benchmarks/btor2-bug-27364-1760, 17605, 692, 227, 634
smt_benchmarks/benchmarks/btor2-bug-28461-1944, 12160, 486, 188, 456
smt_benchmarks/benchmarks/btor2-bug-28462-320, 19812, 762, 177, 438
smt_benchmarks/benchmarks/btor2-bug-29157-1509, 6374, 256, 84, 215
smt_benchmarks/benchmarks/btor2-bug-29158-488, 15759, 659, 212, 573
smt_benchmarks/benchmarks/btor2-bug-29250-1555, 11072, 443, 133, 389
smt_benchmarks/benchmarks/btor2-bug-29250-468, 28066, 890, 188, 452
smt_benchmarks/benchmarks/btor2-bug-29252-414, 23608, 862, 245, 550
smt_benchmarks/benchmarks/btor2-bug-32639-278, 27132, 875, 200, 535
smt_benchmarks/benchmarks/btor2-bug-32641-849, 14174, 559, 215, 528
smt_benchmarks/benchmarks/btor2-bug-5844-2343, 6393, 256, 114, 289
smt_benchmarks/benchmarks/btor2-bug-5844-677, 22992, 690, 165, 446
smt_benchmarks/benchmarks/btor2-bug-8467-1652, 3972, 159, 91, 225
smt_benchmarks/benchmarks/btor2-bug-8467-1924, 6178, 245, 106, 238
smt_benchmarks/benchmarks/btor2-bug-8467-642, 17826, 608, 207, 487
smt_benchmarks/benchmarks/btor2-bug-8469-1005, 14278, 545, 228, 553
smt_benchmarks/benchmarks/btor2-bug-8469-193, 17712, 641, 198, 463
smt_benchmarks/benchmarks/btor4-bug-1428-13899, 6743, 267, 132, 295
smt_benchmarks/benchmarks/btor4-bug-1430-14711, 3922, 157, 121, 264
smt_benchmarks/benchmarks/btor4-bug-1440-12370, 6997, 279, 191, 440
smt_benchmarks/benchmarks/btor4-bug-1443-3296, 9827, 387, 148, 323
smt_benchmarks/benchmarks/btor4-bug-15812-459, 4126, 164, 134, 290
smt_benchmarks/benchmarks/btor4-bug-16708-10241, 6706, 266, 155, 341
smt_benchmarks/benchmarks/btor4-bug-16708-3566, 4668, 187, 154, 316
smt_benchmarks/benchmarks/btor4-bug-16971-10680, 4156, 166, 132, 294
smt_benchmarks/benchmarks/btor4-bug-16971-13678, 4797, 193, 133, 274
smt_benchmarks/benchmarks/btor4-bug-18253-4427, 3950, 159, 132, 295
smt_benchmarks/benchmarks/btor4-bug-18961-3303, 15253, 539, 196, 467
smt_benchmarks/benchmarks/btor4-bug-18962-13252, 7564, 300, 96, 220
smt_benchmarks/benchmarks/btor4-bug-19583-3937, 7679, 304, 155, 352
smt_benchmarks/benchmarks/btor4-bug-19585-6913, 8956, 354, 214, 452
smt_benchmarks/benchmarks/btor4-bug-21209-3797, 7156, 284, 217, 467
smt_benchmarks/benchmarks/btor4-bug-21754-12412, 6538, 260, 155, 348
smt_benchmarks/benchmarks/btor4-bug-21754-12748, 9488, 372, 157, 330
smt_benchmarks/benchmarks/btor4-bug-22058-7657, 8339, 329, 200, 446
smt_benchmarks/benchmarks/btor4-bug-2226-11463, 8730, 343, 171, 383
smt_benchmarks/benchmarks/btor4-bug-2226-1628, 6770, 269, 121, 273
smt_benchmarks/benchmarks/btor4-bug-2227-11773, 3962, 159, 98, 209
smt_benchmarks/benchmarks/btor4-bug-23313-1691, 5452, 216, 144, 327
smt_benchmarks/benchmarks/btor4-bug-2569-12673, 8621, 339, 146, 304
smt_benchmarks/benchmarks/btor4-bug-25887-1279, 8716, 342, 161, 358
smt_benchmarks/benchmarks/btor4-bug-25887-12917, 4600, 183, 145, 320
smt_benchmarks/benchmarks/btor4-bug-25960-1910, 7930, 311, 133, 297
smt_benchmarks/benchmarks/btor4-bug-26072-2532, 4162, 167, 101, 226
smt_benchmarks/benchmarks/btor4-bug-26526-10074, 5808, 231, 169, 373
smt_benchmarks/benchmarks/btor4-bug-26720-6514, 7214, 284, 170, 374
smt_benchmarks/benchmarks/btor4-bug-27425-12341, 5072, 202, 145, 328
smt_benchmarks/benchmarks/btor4-bug-27426-12453, 7772, 304, 156, 332
smt_benchmarks/benchmarks/btor4-bug-27504-7625, 4184, 168, 88, 219
smt_benchmarks/benchmarks/btor4-bug-27506-10500, 3991, 160, 119, 278
smt_benchmarks/benchmarks/btor4-bug-27748-12051, 6849, 270, 109, 245
smt_benchmarks/benchmarks/btor4-bug-29800-10218, 6278, 247, 161, 347
smt_benchmarks/benchmarks/btor4-bug-29801-3787, 9290, 342, 204, 449
smt_benchmarks/benchmarks/btor4-bug-29933-6674, 13225, 406, 193, 448
smt_benchmarks/benchmarks/btor4-bug-30416-2872, 5936, 233, 159, 356
smt_benchmarks/benchmarks/btor4-bug-30417-10250, 5946, 234, 121, 283
smt_benchmarks/benchmarks/btor4-bug-30554-11099, 3952, 158, 117, 266
smt_benchmarks/benchmarks/btor4-bug-30554-11247, 9108, 325, 154, 342
smt_benchmarks/benchmarks/btor4-bug-31064-14116, 5292, 209, 119, 264
smt_benchmarks/benchmarks/btor4-bug-31134-12777, 5775, 226, 121, 280
smt_benchmarks/benchmarks/btor4-bug-32068-11277, 8330, 290, 146, 329
smt_benchmarks/benchmarks/btor4-bug-32068-9948, 5904, 229, 116, 260
smt_benchmarks/benchmarks/btor4-bug-32504-11615, 6900, 259, 143, 322
smt_benchmarks/benchmarks/btor4-bug-4287-5527, 9551, 305, 207, 445
smt_benchmarks/benchmarks/btor4-bug-4287-8537, 3720, 148, 118, 249
smt_benchmarks/benchmarks/btor4-bug-4417-13386, 7160, 258, 140, 322
smt_benchmarks/benchmarks/btor4-bug-4419-6130, 9886, 299, 135, 331
smt_benchmarks/benchmarks/btor4-bug-5434-11106, 4102, 162, 132, 296
smt_benchmarks/benchmarks/btor4-bug-6011-5723, 5836, 220, 106, 244
smt_benchmarks/benchmarks/issue5187, 7040, 442, 77, 254
smt_benchmarks/benchmarks/issue5201, 5710, 242, 85, 209
smt_benchmarks/benchmarks/issue5230-1, 818, 42, 25, 140
smt_benchmarks/benchmarks/issue5230-2, 1304, 65, 43, 138
smt_benchmarks/benchmarks/issue5230-3, 1356, 66, 27, 114
smt_benchmarks/benchmarks/issue5234, 2000, 100, 23, 133
smt_benchmarks/benchmarks/issue5236, 15036, 473, 201, 870
smt_benchmarks/benchmarks/issue5237, 430, 24, 18, 50
smt_benchmarks/benchmarks/issue5239, 858, 45, 25, 89
smt_benchmarks/benchmarks/issue5269, 5914, 230, 85, 386
smt_benchmarks/benchmarks/issue5271, 2444, 124, 47, 125
smt_benchmarks/benchmarks/issue5278, 988, 50, 36, 84
smt_benchmarks/benchmarks/issue5279, 1062, 52, 33, 68
smt_benchmarks/benchmarks/issue5280, 1710, 90, 38, 101
smt_benchmarks/benchmarks/issue5281, 5984, 221, 73, 266
smt_benchmarks/benchmarks/issue5288, 2152, 105, 57, 90
smt_benchmarks/benchmarks/issue5293-1, 1952, 133, 47, 148
smt_benchmarks/benchmarks/issue5309, 1250, 64, 34, 109
smt_benchmarks/benchmarks/issue5330-1, 1142, 58, 29, 139
smt_benchmarks/benchmarks/issue5330-2, 2536, 122, 42, 153
smt_benchmarks/benchmarks/issue5342, 1330, 70, 35, 108
smt_benchmarks/benchmarks/issue5343-1, 308, 17, 11, 35
smt_benchmarks/benchmarks/issue5343-2, 810, 42, 23, 59
smt_benchmarks/benchmarks/issue5344, 11222, 326, 75, 131
smt_benchmarks/benchmarks/issue5348, 720, 38, 24, 54
smt_benchmarks/benchmarks/issue5358-1, 1348, 68, 40, 120
smt_benchmarks/benchmarks/issue5358-2, 942, 49, 29, 91
smt_benchmarks/benchmarks/issue5358-3, 4556, 165, 27, 74
smt_benchmarks/benchmarks/issue5365, 1226, 62, 58, 117
smt_benchmarks/benchmarks/issue5371, 524, 29, 25, 66
smt_benchmarks/benchmarks/issue5372, 1192, 61, 35, 87
smt_benchmarks/benchmarks/issue5373, 4560, 158, 74, 174
smt_benchmarks/benchmarks/issue5378, 1764, 84, 46, 76
smt_benchmarks/benchmarks/issue5385, 1558, 77, 36, 99
smt_benchmarks/benchmarks/issue5396-1, 2670, 112, 85, 176
smt_benchmarks/benchmarks/issue5396-2, 3580, 135, 56, 147
smt_benchmarks/benchmarks/issue5400, 1498, 73, 33, 95
smt_benchmarks/benchmarks/issue5402, 3608, 134, 64, 186
smt_benchmarks/benchmarks/issue5406-1, 2906, 121, 56, 233
smt_benchmarks/benchmarks/issue5427, 1940, 88, 31, 85
smt_benchmarks/benchmarks/issue5454, 5442, 170, 66, 455
smt_benchmarks/benchmarks/issue5460, 650, 35, 19, 72
smt_benchmarks/benchmarks/issue5461-1, 1486, 71, 37, 86
smt_benchmarks/benchmarks/issue5461-2, 948, 49, 24, 59
smt_benchmarks/benchmarks/issue5462, 29556, 871, 501, 948
smt_benchmarks/benchmarks/issue5463, 948, 49, 24, 59
smt_benchmarks/benchmarks/issue5470, 1300, 63, 30, 67
smt_benchmarks/benchmarks/issue5471, 2746, 105, 54, 111
smt_benchmarks/benchmarks/issue5483, 1562, 71, 27, 152
smt_benchmarks/benchmarks/issue5484-1, 1358, 63, 26, 63
smt_benchmarks/benchmarks/issue5484-2, 1306, 66, 30, 71
smt_benchmarks/benchmarks/issue5507-1, 2682, 102, 50, 142
smt_benchmarks/benchmarks/issue5507-2, 5144, 153, 87, 205
smt_benchmarks/benchmarks/issue5508, 1978, 81, 39, 201
smt_benchmarks/benchmarks/issue5509, 942, 45, 23, 92
smt_benchmarks/benchmarks/issue5511, 224, 13, 9, 18
smt_benchmarks/benchmarks/issue5513-1, 752, 37, 22, 67
smt_benchmarks/benchmarks/issue5513-2, 1330, 58, 31, 106
smt_benchmarks/benchmarks/issue5515, 8816, 268, 105, 301
smt_benchmarks/benchmarks/issue5534, 2192, 80, 58, 169
smt_benchmarks/benchmarks/issue5540, 76, 6, 14, 56
smt_benchmarks/benchmarks/issue5542, 2710, 91, 60, 175
smt_benchmarks/benchmarks/issue5543, 2534, 85, 52, 141
smt_benchmarks/benchmarks/issue5547, 2244, 77, 41, 141
smt_benchmarks/benchmarks/issue5550, 792, 36, 28, 83
smt_benchmarks/benchmarks/yices-287, 18634, 313, 165, 710
smt_benchmarks/benchmarks/z3-2468, 2, 2, 0, 0
smt_benchmarks/benchmarks/z3-3293, 2, 1, 0, 0