smt_benchmarks/benchmarks/andy-1, 2, 6, 0, 0
smt_benchmarks/benchmarks/btor2-bug-10564-550, 36207, 4013, 320, 821
smt_benchmarks/benchmarks/btor2-bug-10565-1107, 9456, 702, 153, 376
smt_benchmarks/benchmarks/btor2-bug-10566-1439, 12665, 653, 114, 288
smt_benchmarks/benchmarks/btor2-bug-12207-2998, 15343, 581, 234, 560
smt_benchmarks/benchmarks/btor2-bug-12207-3560, 9736, 1544, 101, 267
smt_benchmarks/benchmarks/btor2-bug-12207-3581, 7037, 435, 152, 371
smt_benchmarks/benchmarks/btor2-bug-12208-547, 6728, 561, 67, 174
smt_benchmarks/benchmarks/btor2-bug-12210-466, 7323, 271, 198, 455
smt_benchmarks/benchmarks/btor2-bug-12856-524, 15439, 1056, 145, 331
smt_benchmarks/benchmarks/btor2-bug-12858-1484, 21402, 2556, 234, 555
smt_benchmarks/benchmarks/btor2-bug-12976-1525, 14966, 681, 206, 521
smt_benchmarks/benchmarks/btor2-bug-12976-695, 9932, 1236, 168, 413
smt_benchmarks/benchmarks/btor2-bug-12977-297, 15180, 753, 158, 392
smt_benchmarks/benchmarks/btor2-bug-12978-347, 7367, 605, 96, 228
smt_benchmarks/benchmarks/btor2-bug-15390-191, 17960, 1843, 238, 622
smt_benchmarks/benchmarks/btor2-bug-15391-1331, 25106, 1977, 233, 556
smt_benchmarks/benchmarks/btor2-bug-15391-640, 4408, 167, 101, 239
smt_benchmarks/benchmarks/btor2-bug-15391-647, 14843, 1013, 122, 349
smt_benchmarks/benchmarks/btor2-bug-15392-92, 10772, 569, 166, 399
smt_benchmarks/benchmarks/btor2-bug-15393-526, 17389, 1321, 280, 631
smt_benchmarks/benchmarks/btor2-bug-1672-1237, 3537, 135, 96, 214
smt_benchmarks/benchmarks/btor2-bug-1672-1519, 4967, 395, 106, 251
smt_benchmarks/benchmarks/btor2-bug-1673-81, 4841, 207, 154, 344
smt_benchmarks/benchmarks/btor2-bug-1674-134, 7286, 275, 137, 337
smt_benchmarks/benchmarks/btor2-bug-16965-103, 8592, 288, 190, 453
smt_benchmarks/benchmarks/btor2-bug-16965-104, 14887, 4354, 91, 231
smt_benchmarks/benchmarks/btor2-bug-16965-2498, 6219, 469, 130, 320
smt_benchmarks/benchmarks/btor2-bug-16965-3625, 4780, 192, 151, 381
smt_benchmarks/benchmarks/btor2-bug-16966-2139, 5038, 442, 130, 312
smt_benchmarks/benchmarks/btor2-bug-16966-2397, 8781, 881, 218, 556
smt_benchmarks/benchmarks/btor2-bug-16966-2630, 3396, 127, 141, 300
smt_benchmarks/benchmarks/btor2-bug-16967-425, 10479, 1586, 128, 339
smt_benchmarks/benchmarks/btor2-bug-17752-171, 11958, 1692, 119, 290
smt_benchmarks/benchmarks/btor2-bug-17753-2258, 10680, 1049, 127, 281
smt_benchmarks/benchmarks/btor2-bug-18416-2036, 9056, 355, 173, 425
smt_benchmarks/benchmarks/btor2-bug-19025-698, 11366, 1028, 223, 566
smt_benchmarks/benchmarks/btor2-bug-19028-109, 13727, 838, 250, 642
smt_benchmarks/benchmarks/btor2-bug-21432-1432, 8181, 370, 209, 447
smt_benchmarks/benchmarks/btor2-bug-21433-924, 16791, 2703, 222, 537
smt_benchmarks/benchmarks/btor2-bug-21435-1032, 23491, 4138, 196, 490
smt_benchmarks/benchmarks/btor2-bug-21435-185, 16798, 1004, 108, 298
smt_benchmarks/benchmarks/btor2-bug-21435-399, 9570, 659, 152, 399
smt_benchmarks/benchmarks/btor2-bug-21435-401, 2824, 88, 121, 282
smt_benchmarks/benchmarks/btor2-bug-21512-599, 11211, 1972, 141, 368
smt_benchmarks/benchmarks/btor2-bug-21587-1587, 10301, 1791, 90, 223
smt_benchmarks/benchmarks/btor2-bug-21587-161, 9513, 321, 184, 423
smt_benchmarks/benchmarks/btor2-bug-21587-505, 9114, 413, 237, 553
smt_benchmarks/benchmarks/btor2-bug-22169-775, 11427, 1379, 164, 392
smt_benchmarks/benchmarks/btor2-bug-22171-324, 14047, 987, 135, 323
smt_benchmarks/benchmarks/btor2-bug-22172-177, 12427, 655, 181, 408
smt_benchmarks/benchmarks/btor2-bug-22193-189, 5135, 286, 108, 239
smt_benchmarks/benchmarks/btor2-bug-22195-527, 14340, 1067, 285, 629
smt_benchmarks/benchmarks/btor2-bug-22196-207, 21995, 867, 326, 783
smt_benchmarks/benchmarks/btor2-bug-23549-317, 14304, 1177, 194, 452
smt_benchmarks/benchmarks/btor2-bug-23550-213, 6564, 437, 91, 222
smt_benchmarks/benchmarks/btor2-bug-23993-1111, 6346, 363, 157, 357
smt_benchmarks/benchmarks/btor2-bug-23996-205, 6653, 1050, 108, 269
smt_benchmarks/benchmarks/btor2-bug-23996-263, 27091, 5213, 98, 277
smt_benchmarks/benchmarks/btor2-bug-25139-140, 18030, 1349, 273, 718
smt_benchmarks/benchmarks/btor2-bug-25139-192, 6301, 659, 111, 287
smt_benchmarks/benchmarks/btor2-bug-25139-855, 20337, 2171, 188, 530
smt_benchmarks/benchmarks/btor2-bug-25141-1358, 3723, 132, 156, 352
smt_benchmarks/benchmarks/btor2-bug-25141-2722, 4924, 211, 170, 384
smt_benchmarks/benchmarks/btor2-bug-25861-1660, 21215, 4664, 108, 298
smt_benchmarks/benchmarks/btor2-bug-25861-1956, 7127, 302, 126, 305
smt_benchmarks/benchmarks/btor2-bug-25861-2312, 13208, 1747, 227, 514
smt_benchmarks/benchmarks/btor2-bug-25862-101, 30959, 1191, 410, 993
smt_benchmarks/benchmarks/btor2-bug-26929-179, 3583, 120, 134, 305
smt_benchmarks/benchmarks/btor2-bug-27284-1303, 22532, 1442, 145, 363
smt_benchmarks/benchmarks/btor2-bug-27363-1142, 9595, 851, 93, 230
smt_benchmarks/benchmarks/btor2-bug-27364-1760, 13504, 777, 227, 634
smt_benchmarks/benchmarks/btor2-bug-28461-1944, 8639, 392, 188, 456
smt_benchmarks/benchmarks/btor2-bug-28462-320, 14603, 850, 177, 438
smt_benchmarks/benchmarks/btor2-bug-29157-1509, 13949, 2695, 84, 215
smt_benchmarks/benchmarks/btor2-bug-29158-488, 13491, 980, 212, 573
smt_benchmarks/benchmarks/btor2-bug-29250-1555, 13841, 1272, 133, 389
smt_benchmarks/benchmarks/btor2-bug-29250-468, 21838, 1443, 188, 452
smt_benchmarks/benchmarks/btor2-bug-29252-414, 23621, 2957, 245, 550
smt_benchmarks/benchmarks/btor2-bug-32639-278, 28520, 4172, 200, 535
smt_benchmarks/benchmarks/btor2-bug-32641-849, 13068, 1147, 215, 528
smt_benchmarks/benchmarks/btor2-bug-5844-2343, 5418, 477, 114, 289
smt_benchmarks/benchmarks/btor2-bug-5844-677, 21800, 2409, 165, 446
smt_benchmarks/benchmarks/btor2-bug-8467-1652, 3790, 196, 91, 225
smt_benchmarks/benchmarks/btor2-bug-8467-1924, 5819, 266, 106, 238
smt_benchmarks/benchmarks/btor2-bug-8467-642, 14416, 971, 207, 487
smt_benchmarks/benchmarks/btor2-bug-8469-1005, 13808, 1226, 228, 553
smt_benchmarks/benchmarks/btor2-bug-8469-193, 20239, 2997, 198, 463
smt_benchmarks/benchmarks/btor4-bug-1428-13899, 26446, 8461, 132, 295
smt_benchmarks/benchmarks/btor4-bug-1430-14711, 7843, 861, 121, 264
smt_benchmarks/benchmarks/btor4-bug-1440-12370, 17632, 6639, 191, 440
smt_benchmarks/benchmarks/btor4-bug-1443-3296, 20603, 6250, 148, 323
smt_benchmarks/benchmarks/btor4-bug-15812-459, 17802, 5767, 134, 290
smt_benchmarks/benchmarks/btor4-bug-16708-10241, 8944, 2484, 155, 341
smt_benchmarks/benchmarks/btor4-bug-16708-3566, 19642, 6637, 154, 316
smt_benchmarks/benchmarks/btor4-bug-16971-10680, 3210, 354, 132, 294
smt_benchmarks/benchmarks/btor4-bug-16971-13678, 2673, 205, 133, 274
smt_benchmarks/benchmarks/btor4-bug-18253-4427, 13714, 4565, 132, 295
smt_benchmarks/benchmarks/btor4-bug-18961-3303, 24821, 7275, 196, 467
smt_benchmarks/benchmarks/btor4-bug-18962-13252, 26685, 8646, 96, 220
smt_benchmarks/benchmarks/btor4-bug-19583-3937, 14246, 3928, 155, 352
smt_benchmarks/benchmarks/btor4-bug-19585-6913, 33950, 9226, 214, 452
smt_benchmarks/benchmarks/btor4-bug-21209-3797, 23010, 7514, 217, 467
smt_benchmarks/benchmarks/btor4-bug-21754-12412, 10928, 443, 155, 348
smt_benchmarks/benchmarks/btor4-bug-21754-12748, 11641, 2163, 157, 330
smt_benchmarks/benchmarks/btor4-bug-22058-7657, 62757, 14943, 200, 446
smt_benchmarks/benchmarks/btor4-bug-2226-11463, 20445, 7040, 171, 383
smt_benchmarks/benchmarks/btor4-bug-2226-1628, 11536, 2709, 121, 273
smt_benchmarks/benchmarks/btor4-bug-2227-11773, 20901, 7425, 98, 209
smt_benchmarks/benchmarks/btor4-bug-23313-1691, 9828, 1835, 144, 327
smt_benchmarks/benchmarks/btor4-bug-2569-12673, 8449, 620, 146, 304
smt_benchmarks/benchmarks/btor4-bug-25887-1279, 14052, 3562, 161, 358
smt_benchmarks/benchmarks/btor4-bug-25887-12917, 7410, 914, 145, 320
smt_benchmarks/benchmarks/btor4-bug-25960-1910, 10757, 1873, 133, 297
smt_benchmarks/benchmarks/btor4-bug-26072-2532, 17726, 6093, 101, 226
smt_benchmarks/benchmarks/btor4-bug-26526-10074, 11369, 2584, 169, 373
smt_benchmarks/benchmarks/btor4-bug-26720-6514, 7833, 1807, 170, 374
smt_benchmarks/benchmarks/btor4-bug-27425-12341, 24734, 7227, 145, 328
smt_benchmarks/benchmarks/btor4-bug-27426-12453, 6794, 908, 156, 332
smt_benchmarks/benchmarks/btor4-bug-27504-7625, 14983, 5002, 88, 219
smt_benchmarks/benchmarks/btor4-bug-27506-10500, 5721, 1274, 119, 278
smt_benchmarks/benchmarks/btor4-bug-27748-12051, 13523, 3028, 109, 245
smt_benchmarks/benchmarks/btor4-bug-29800-10218, 15270, 4549, 161, 347
smt_benchmarks/benchmarks/btor4-bug-29801-3787, 19220, 5279, 204, 449
smt_benchmarks/benchmarks/btor4-bug-29933-6674, 12108, 1069, 193, 448
smt_benchmarks/benchmarks/btor4-bug-30416-2872, 20634, 6183, 159, 356
smt_benchmarks/benchmarks/btor4-bug-30417-10250, 6495, 1361, 121, 283
smt_benchmarks/benchmarks/btor4-bug-30554-11099, 5865, 987, 117, 266
smt_benchmarks/benchmarks/btor4-bug-30554-11247, 10024, 1944, 154, 342
smt_benchmarks/benchmarks/btor4-bug-31064-14116, 4892, 530, 119, 264
smt_benchmarks/benchmarks/btor4-bug-31134-12777, 11035, 2448, 121, 280
smt_benchmarks/benchmarks/btor4-bug-32068-11277, 31081, 6960, 146, 329
smt_benchmarks/benchmarks/btor4-bug-32068-9948, 4754, 414, 116, 260
smt_benchmarks/benchmarks/btor4-bug-32504-11615, 15035, 4098, 143, 322
smt_benchmarks/benchmarks/btor4-bug-4287-5527, 16475, 3529, 207, 445
smt_benchmarks/benchmarks/btor4-bug-4287-8537, 21405, 5662, 118, 249
smt_benchmarks/benchmarks/btor4-bug-4417-13386, 15609, 3832, 140, 322
smt_benchmarks/benchmarks/btor4-bug-4419-6130, 19750, 5206, 135, 331
smt_benchmarks/benchmarks/btor4-bug-5434-11106, 18610, 4551, 132, 296
smt_benchmarks/benchmarks/btor4-bug-6011-5723, 16639, 4236, 106, 244
smt_benchmarks/benchmarks/issue5187, 3663, 388, 77, 254
smt_benchmarks/benchmarks/issue5201, 2890, 121, 85, 209
smt_benchmarks/benchmarks/issue5230-1, 453, 20, 25, 140
smt_benchmarks/benchmarks/issue5230-2, 705, 30, 43, 138
smt_benchmarks/benchmarks/issue5230-3, 688, 29, 27, 114
smt_benchmarks/benchmarks/issue5234, 1012, 43, 23, 133
smt_benchmarks/benchmarks/issue5236, 7785, 357, 201, 870
smt_benchmarks/benchmarks/issue5237, 224, 11, 18, 50
smt_benchmarks/benchmarks/issue5239, 475, 21, 25, 89
smt_benchmarks/benchmarks/issue5269, 3040, 131, 85, 386
smt_benchmarks/benchmarks/issue5271, 1338, 61, 47, 125
smt_benchmarks/benchmarks/issue5278, 499, 22, 36, 84
smt_benchmarks/benchmarks/issue5279, 531, 23, 33, 68
smt_benchmarks/benchmarks/issue5280, 866, 41, 38, 101
smt_benchmarks/benchmarks/issue5281, 2992, 123, 73, 266
smt_benchmarks/benchmarks/issue5288, 1079, 44, 57, 90
smt_benchmarks/benchmarks/issue5293-1, 990, 65, 47, 148
smt_benchmarks/benchmarks/issue5309, 625, 27, 34, 109
smt_benchmarks/benchmarks/issue5330-1, 571, 26, 29, 139
smt_benchmarks/benchmarks/issue5330-2, 1285, 57, 42, 153
smt_benchmarks/benchmarks/issue5342, 692, 33, 35, 108
smt_benchmarks/benchmarks/issue5343-1, 157, 8, 11, 35
smt_benchmarks/benchmarks/issue5343-2, 410, 19, 23, 59
smt_benchmarks/benchmarks/issue5344, 6270, 269, 75, 131
smt_benchmarks/benchmarks/issue5348, 360, 17, 24, 54
smt_benchmarks/benchmarks/issue5358-1, 746, 34, 40, 120
smt_benchmarks/benchmarks/issue5358-2, 513, 23, 29, 91
smt_benchmarks/benchmarks/issue5358-3, 2355, 100, 27, 74
smt_benchmarks/benchmarks/issue5365, 691, 30, 58, 117
smt_benchmarks/benchmarks/issue5371, 268, 14, 25, 66
smt_benchmarks/benchmarks/issue5372, 630, 28, 35, 87
smt_benchmarks/benchmarks/issue5373, 2564, 108, 74, 174
smt_benchmarks/benchmarks/issue5378, 885, 37, 46, 76
smt_benchmarks/benchmarks/issue5385, 870, 40, 36, 99
smt_benchmarks/benchmarks/issue5396-1, 1373, 60, 85, 176
smt_benchmarks/benchmarks/issue5396-2, 1829, 81, 56, 147
smt_benchmarks/benchmarks/issue5400, 765, 34, 33, 95
smt_benchmarks/benchmarks/issue5402, 1852, 80, 64, 186
smt_benchmarks/benchmarks/issue5406-1, 1475, 69, 56, 233
smt_benchmarks/benchmarks/issue5427, 1054, 49, 31, 85
smt_benchmarks/benchmarks/issue5454, 2757, 115, 66, 455
smt_benchmarks/benchmarks/issue5460, 329, 15, 19, 72
smt_benchmarks/benchmarks/issue5461-1, 749, 34, 37, 86
smt_benchmarks/benchmarks/issue5461-2, 512, 23, 24, 59
smt_benchmarks/benchmarks/issue5462, 16193, 850, 501, 948
smt_benchmarks/benchmarks/issue5463, 512, 23, 24, 59
smt_benchmarks/benchmarks/issue5470, 667, 30, 30, 67
smt_benchmarks/benchmarks/issue5471, 1397, 61, 54, 111
smt_benchmarks/benchmarks/issue5483, 794, 35, 27, 152
smt_benchmarks/benchmarks/issue5484-1, 737, 33, 26, 63
smt_benchmarks/benchmarks/issue5484-2, 726, 40, 30, 71
smt_benchmarks/benchmarks/issue5507-1, 1491, 66, 50, 142
smt_benchmarks/benchmarks/issue5507-2, 2688, 111, 87, 205
smt_benchmarks/benchmarks/issue5508, 989, 43, 39, 201
smt_benchmarks/benchmarks/issue5509, 495, 21, 23, 92
smt_benchmarks/benchmarks/issue5511, 130, 8, 9, 18
smt_benchmarks/benchmarks/issue5513-1, 376, 17, 22, 67
smt_benchmarks/benchmarks/issue5513-2, 665, 31, 31, 106
smt_benchmarks/benchmarks/issue5515, 4516, 230, 105, 301
smt_benchmarks/benchmarks/issue5534, 1127, 51, 58, 169
smt_benchmarks/benchmarks/issue5540, 42, 3, 14, 56
smt_benchmarks/benchmarks/issue5542, 1355, 60, 60, 175
smt_benchmarks/benchmarks/issue5543, 1342, 59, 52, 141
smt_benchmarks/benchmarks/issue5547, 1152, 50, 41, 141
smt_benchmarks/benchmarks/issue5550, 396, 19, 28, 83
smt_benchmarks/benchmarks/yices-287, 14854, 871, 165, 710
smt_benchmarks/benchmarks/z3-2468, 2, 2, 0, 0
smt_benchmarks/benchmarks/z3-3293, 2, 2, 0, 0